lunch_id,flight_number,flight_name,flight_success,date_utc,lunchpad_id,lunchpad_name,lunchpad_longitudes,lunchpad_latitude,payloads_Mass,Orbit,core_id,core_serial,core_block,core_flight_cunt,core_landing_attempt,core_landing_success,core_landing_type,core_is_legs,core_is_reused,core_reuse_count,core_status,landpad_id,landpad_name,landpad_longitudes,landpad_latitude
5eb87cddffd86e000604b32f,6,Falcon 9 Test Flight,TRUE,5/06/2010,5e9e4501f509094ba4566f84,CCSFS SLC 40,-80.577366,28.5618571,4200,LEO,5e9e289ef359185f2b3b2628,B0003,1,1,FALSE,,,FALSE,FALSE,0,expended,,,,
5eb87cdeffd86e000604b330,7,COTS 1,TRUE,9/12/2010,5e9e4501f509094ba4566f84,CCSFS SLC 40,-80.577366,28.5618571,6001,LEO,5e9e289ef35918187c3b2629,B0004,1,1,FALSE,,,FALSE,FALSE,0,lost,,,,
5eb87cdfffd86e000604b331,8,COTS 2,TRUE,2/05/2012,5e9e4501f509094ba4566f84,CCSFS SLC 40,-80.577366,28.5618571,525,LEO,5e9e289ef35918f39c3b262a,B0005,1,1,FALSE,,,FALSE,FALSE,0,lost,,,,
5eb87ce0ffd86e000604b332,9,CRS-1,TRUE,8/10/2012,5e9e4501f509094ba4566f84,CCSFS SLC 40,-80.577366,28.5618571,800,ISS,5e9e289ff3591821a73b262b,B0006,1,1,FALSE,,,FALSE,FALSE,0,lost,,,,
5eb87ce1ffd86e000604b333,10,CRS-2,TRUE,2/03/2013,5e9e4501f509094ba4566f84,CCSFS SLC 40,-80.577366,28.5618571,677,ISS,5e9e289ff3591884e03b262c,B0007,1,1,FALSE,,,FALSE,FALSE,0,lost,,,,
5eb87ce1ffd86e000604b334,11,CASSIOPE,TRUE,30/09/2013,5e9e4502f509092b78566f87,VAFB SLC 4E,-120.610829,34.632093,500,PO,5e9e289ff359180ae23b262d,B1003,1,1,TRUE,FALSE,Ocean,FALSE,FALSE,0,lost,,,,
5eb87ce2ffd86e000604b335,12,SES-8,TRUE,4/12/2013,5e9e4501f509094ba4566f84,CCSFS SLC 40,-80.577366,28.5618571,3170,GTO,5e9e289ff35918862c3b262e,B1004,1,1,FALSE,,,FALSE,FALSE,0,lost,,,,
5eb87ce3ffd86e000604b336,13,Thaicom 6,TRUE,7/01/2014,5e9e4501f509094ba4566f84,CCSFS SLC 40,-80.577366,28.5618571,3325,GTO,5e9e289ff3591878603b262f,B1005,1,1,FALSE,,,FALSE,FALSE,0,lost,,,,
5eb87ce4ffd86e000604b337,14,CRS-3,TRUE,19/04/2014,5e9e4501f509094ba4566f84,CCSFS SLC 40,-80.577366,28.5618571,2296,ISS,5e9e289ff3591829343b2630,B1006,1,1,TRUE,TRUE,Ocean,TRUE,FALSE,0,lost,,,,
5eb87ce4ffd86e000604b338,15,OG-2 Mission 1,TRUE,15/07/2014,5e9e4501f509094ba4566f84,CCSFS SLC 40,-80.577366,28.5618571,1316,LEO,5e9e28a0f3591870a63b2631,B1007,1,1,TRUE,TRUE,Ocean,TRUE,FALSE,0,lost,,,,
5eb87ce5ffd86e000604b339,16,AsiaSat 8,TRUE,5/08/2014,5e9e4501f509094ba4566f84,CCSFS SLC 40,-80.577366,28.5618571,4535,GTO,5e9e28a0f359186e2e3b2632,B1008,1,1,FALSE,,,FALSE,FALSE,0,lost,,,,
5eb87ce6ffd86e000604b33a,17,AsiaSat 6,TRUE,7/09/2014,5e9e4501f509094ba4566f84,CCSFS SLC 40,-80.577366,28.5618571,4428,GTO,5e9e28a0f35918b1bc3b2633,B1011,1,1,FALSE,,,FALSE,FALSE,0,lost,,,,
5eb87ce7ffd86e000604b33b,18,CRS-4,TRUE,21/09/2014,5e9e4501f509094ba4566f84,CCSFS SLC 40,-80.577366,28.5618571,2216,ISS,5e9e28a0f359184a683b2634,B1010,1,1,TRUE,FALSE,Ocean,FALSE,FALSE,0,lost,,,,
5eb87ce8ffd86e000604b33c,19,CRS-5,TRUE,10/01/2015,5e9e4501f509094ba4566f84,CCSFS SLC 40,-80.577366,28.5618571,2395,ISS,5e9e28a0f359187a3c3b2635,B1012,1,1,TRUE,FALSE,ASDS,TRUE,FALSE,0,lost,5e9e3032383ecb761634e7cb,JRTI-1,-80.6188,28.4104
5eb87ceaffd86e000604b33d,20,DSCOVR,TRUE,12/02/2015,5e9e4501f509094ba4566f84,CCSFS SLC 40,-80.577366,28.5618571,570,ES-L1,5e9e28a0f3591885be3b2636,B1013,1,1,TRUE,TRUE,Ocean,TRUE,FALSE,0,lost,,,,
5eb87ceaffd86e000604b33e,21,ABS-3A / Eutelsat 115W B,TRUE,2/03/2015,5e9e4501f509094ba4566f84,CCSFS SLC 40,-80.577366,28.5618571,4159,GTO,5e9e28a0f35918c0893b2637,B1014,1,1,FALSE,,,FALSE,FALSE,0,lost,,,,
5eb87cecffd86e000604b33f,22,CRS-6,TRUE,15/04/2015,5e9e4501f509094ba4566f84,CCSFS SLC 40,-80.577366,28.5618571,1898,ISS,5e9e28a1f359186d533b2638,B1015,1,1,TRUE,FALSE,ASDS,TRUE,FALSE,0,lost,5e9e3032383ecb761634e7cb,JRTI-1,-80.6188,28.4104
5eb87cedffd86e000604b340,23,TürkmenÄlem 52°E / MonacoSAT,TRUE,28/04/2015,5e9e4501f509094ba4566f84,CCSFS SLC 40,-80.577366,28.5618571,4707,GTO,5e9e28a1f35918233f3b2639,B1016,1,1,FALSE,,,FALSE,FALSE,0,lost,,,,
5eb87ceeffd86e000604b341,24,CRS-7,FALSE,29/06/2015,5e9e4501f509094ba4566f84,CCSFS SLC 40,-80.577366,28.5618571,2477,ISS,5e9e28a1f35918683c3b263a,B1018,1,1,TRUE,,ASDS,TRUE,FALSE,0,lost,5e9e3032383ecb6bb234e7ca,OCISLY,-118.262015,33.7291858
5eb87cefffd86e000604b342,25,OG-2 Mission 2,TRUE,22/12/2015,5e9e4501f509094ba4566f84,CCSFS SLC 40,-80.577366,28.5618571,2034,LEO,5e9e28a1f3591867753b263b,B1019,1,1,TRUE,TRUE,RTLS,TRUE,FALSE,0,inactive,5e9e3032383ecb267a34e7c7,LZ-1,-80.544444,28.485833
5eb87cf0ffd86e000604b343,26,Jason 3,TRUE,18/01/2016,5e9e4502f509092b78566f87,VAFB SLC 4E,-120.610829,34.632093,553,PO,5e9e28a1f3591842fa3b263c,B1017,1,1,TRUE,FALSE,ASDS,TRUE,FALSE,0,lost,5e9e3033383ecbb9e534e7cc,JRTI,-80.6188,28.4104
5eb87cf2ffd86e000604b344,27,SES-9,TRUE,5/03/2016,5e9e4501f509094ba4566f84,CCSFS SLC 40,-80.577366,28.5618571,5271,GTO,5e9e28a1f359188def3b263d,B1020,1,1,TRUE,FALSE,ASDS,TRUE,FALSE,0,lost,5e9e3032383ecb6bb234e7ca,OCISLY,-118.262015,33.7291858
5eb87cf3ffd86e000604b345,28,CRS-8,TRUE,9/04/2016,5e9e4501f509094ba4566f84,CCSFS SLC 40,-80.577366,28.5618571,3136,ISS,5e9e28a2f359182d0b3b263e,B1021,2,1,TRUE,TRUE,ASDS,TRUE,FALSE,1,inactive,5e9e3032383ecb6bb234e7ca,OCISLY,-118.262015,33.7291858
5eb87cf5ffd86e000604b346,29,JCSAT-2B,TRUE,6/05/2016,5e9e4501f509094ba4566f84,CCSFS SLC 40,-80.577366,28.5618571,4696,GTO,5e9e28a2f35918077b3b263f,B1022,2,1,TRUE,TRUE,ASDS,TRUE,FALSE,0,inactive,5e9e3032383ecb6bb234e7ca,OCISLY,-118.262015,33.7291858
5eb87cf6ffd86e000604b347,30,Thaicom 8,TRUE,28/05/2016,5e9e4501f509094ba4566f84,CCSFS SLC 40,-80.577366,28.5618571,3100,GTO,5e9e28a2f3591845c73b2640,B1023,2,1,TRUE,TRUE,ASDS,TRUE,FALSE,1,inactive,5e9e3032383ecb6bb234e7ca,OCISLY,-118.262015,33.7291858
5eb87cf8ffd86e000604b348,31,ABS-2A / Eutelsat 117W B,TRUE,16/06/2016,5e9e4501f509094ba4566f84,CCSFS SLC 40,-80.577366,28.5618571,3600,GTO,5e9e28a2f359184f403b2641,B1024,2,1,TRUE,FALSE,ASDS,TRUE,FALSE,0,lost,5e9e3032383ecb6bb234e7ca,OCISLY,-118.262015,33.7291858
5eb87cf9ffd86e000604b349,32,CRS-9,TRUE,18/07/2016,5e9e4501f509094ba4566f84,CCSFS SLC 40,-80.577366,28.5618571,2257,ISS,5e9e28a2f359187f273b2642,B1025,2,1,TRUE,TRUE,RTLS,TRUE,FALSE,1,inactive,5e9e3032383ecb267a34e7c7,LZ-1,-80.544444,28.485833
5eb87cfaffd86e000604b34a,33,JCSAT-16,TRUE,14/08/2016,5e9e4501f509094ba4566f84,CCSFS SLC 40,-80.577366,28.5618571,4600,GTO,5e9e28a2f35918b8243b2643,B1026,2,1,TRUE,TRUE,ASDS,TRUE,FALSE,0,inactive,5e9e3032383ecb6bb234e7ca,OCISLY,-118.262015,33.7291858
5eb87cfbffd86e000604b34b,34,Amos-6,FALSE,1/09/2016,5e9e4501f509094ba4566f84,CCSFS SLC 40,-80.577366,28.5618571,5500,GTO,5e9e28a2f359187ee83b2644,B1028,3,1,TRUE,,ASDS,TRUE,FALSE,0,lost,5e9e3032383ecb6bb234e7ca,OCISLY,-118.262015,33.7291858
5eb87cfdffd86e000604b34c,35,Iridium NEXT Mission 1,TRUE,15/01/2017,5e9e4502f509092b78566f87,VAFB SLC 4E,-120.610829,34.632093,9600,PO,5e9e28a3f359189e3a3b2645,B1029,3,1,TRUE,TRUE,ASDS,TRUE,FALSE,1,inactive,5e9e3033383ecbb9e534e7cc,JRTI,-80.6188,28.4104
5eb87cfeffd86e000604b34d,36,CRS-10,TRUE,20/02/2017,5e9e4502f509094188566f88,KSC LC 39A,-80.6039558,28.6080585,2490,ISS,5e9e28a3f3591829dc3b2646,B1031,3,1,TRUE,TRUE,RTLS,TRUE,FALSE,1,inactive,5e9e3032383ecb267a34e7c7,LZ-1,-80.544444,28.485833
5eb87cfeffd86e000604b34e,37,EchoStar 23,TRUE,16/03/2017,5e9e4502f509094188566f88,KSC LC 39A,-80.6039558,28.6080585,5600,GTO,5e9e28a3f3591878473b2647,B1030,3,1,FALSE,,,FALSE,FALSE,0,expended,,,,
5eb87d00ffd86e000604b34f,38,SES-10,TRUE,31/03/2017,5e9e4502f509094188566f88,KSC LC 39A,-80.6039558,28.6080585,5300,GTO,5e9e28a2f359182d0b3b263e,B1021,2,2,TRUE,TRUE,ASDS,TRUE,TRUE,1,inactive,5e9e3032383ecb6bb234e7ca,OCISLY,-118.262015,33.7291858
5eb87d01ffd86e000604b350,39,NROL-76,TRUE,1/05/2017,5e9e4502f509094188566f88,KSC LC 39A,-80.6039558,28.6080585,8000,LEO,5e9e28a3f3591811f83b2648,B1032,3,1,TRUE,TRUE,RTLS,TRUE,FALSE,1,lost,5e9e3032383ecb267a34e7c7,LZ-1,-80.544444,28.485833
5eb87d01ffd86e000604b351,40,Inmarsat-5 F4,TRUE,16/05/2017,5e9e4502f509094188566f88,KSC LC 39A,-80.6039558,28.6080585,6070,GTO,5e9e28a3f359186f3f3b2649,B1034,3,1,FALSE,,,FALSE,FALSE,0,expended,,,,
5eb87d03ffd86e000604b352,41,CRS-11,TRUE,4/06/2017,5e9e4502f509094188566f88,KSC LC 39A,-80.6039558,28.6080585,2708,ISS,5e9e28a3f3591856803b264a,B1035,3,1,TRUE,TRUE,RTLS,TRUE,FALSE,1,inactive,5e9e3032383ecb267a34e7c7,LZ-1,-80.544444,28.485833
5eb87d04ffd86e000604b353,42,BulgariaSat-1,TRUE,24/06/2017,5e9e4502f509094188566f88,KSC LC 39A,-80.6039558,28.6080585,3669,GTO,5e9e28a3f359189e3a3b2645,B1029,3,2,TRUE,TRUE,ASDS,TRUE,TRUE,1,inactive,5e9e3032383ecb6bb234e7ca,OCISLY,-118.262015,33.7291858
5eb87d05ffd86e000604b354,43,Iridium NEXT Mission 2,TRUE,26/06/2017,5e9e4502f509092b78566f87,VAFB SLC 4E,-120.610829,34.632093,9600,PO,5e9e28a3f3591801cf3b264b,B1036,3,1,TRUE,TRUE,ASDS,TRUE,FALSE,1,lost,5e9e3033383ecbb9e534e7cc,JRTI,-80.6188,28.4104
5eb87d06ffd86e000604b355,44,Intelsat 35e,TRUE,6/07/2017,5e9e4502f509094188566f88,KSC LC 39A,-80.6039558,28.6080585,6761,GTO,5e9e28a4f3591850cc3b264c,B1037,3,1,FALSE,,,FALSE,FALSE,0,expended,,,,
5eb87d07ffd86e000604b356,45,CRS-12,TRUE,15/08/2017,5e9e4502f509094188566f88,KSC LC 39A,-80.6039558,28.6080585,2910,ISS,5e9e28a4f3591884ee3b264d,B1039,4,1,TRUE,TRUE,RTLS,TRUE,FALSE,1,expended,5e9e3032383ecb267a34e7c7,LZ-1,-80.544444,28.485833
5eb87d08ffd86e000604b357,46,FormoSat-5,TRUE,25/08/2017,5e9e4502f509092b78566f87,VAFB SLC 4E,-120.610829,34.632093,475,SSO,5e9e28a4f359182d843b264e,B1038,3,1,TRUE,TRUE,ASDS,TRUE,FALSE,1,expended,5e9e3033383ecbb9e534e7cc,JRTI,-80.6188,28.4104
5eb87d09ffd86e000604b358,47,Boeing X-37B OTV-5,TRUE,7/09/2017,5e9e4502f509094188566f88,KSC LC 39A,-80.6039558,28.6080585,4990,LEO,5e9e28a4f3591845123b264f,B1040,4,1,TRUE,TRUE,RTLS,TRUE,FALSE,1,expended,5e9e3032383ecb267a34e7c7,LZ-1,-80.544444,28.485833
5eb87d0affd86e000604b359,48,Iridium NEXT Mission 3,TRUE,9/10/2017,5e9e4502f509092b78566f87,VAFB SLC 4E,-120.610829,34.632093,9600,PO,5e9e28a4f3591843103b2650,B1041,4,1,TRUE,TRUE,ASDS,TRUE,FALSE,1,expended,5e9e3033383ecbb9e534e7cc,JRTI,-80.6188,28.4104
5eb87d0cffd86e000604b35a,49,SES-11 / Echostar 105,TRUE,12/10/2017,5e9e4502f509094188566f88,KSC LC 39A,-80.6039558,28.6080585,5200,GTO,5e9e28a3f3591829dc3b2646,B1031,3,2,TRUE,TRUE,ASDS,TRUE,TRUE,1,inactive,5e9e3032383ecb6bb234e7ca,OCISLY,-118.262015,33.7291858
5eb87d0dffd86e000604b35b,50,KoreaSat 5A,TRUE,31/10/2017,5e9e4502f509094188566f88,KSC LC 39A,-80.6039558,28.6080585,3700,GTO,5e9e28a4f359185cc03b2651,B1042,4,1,TRUE,TRUE,ASDS,TRUE,FALSE,0,inactive,5e9e3032383ecb6bb234e7ca,OCISLY,-118.262015,33.7291858
5eb87d0effd86e000604b35c,51,CRS-13,TRUE,16/12/2017,5e9e4501f509094ba4566f84,CCSFS SLC 40,-80.577366,28.5618571,2205,ISS,5e9e28a3f3591856803b264a,B1035,3,2,TRUE,TRUE,RTLS,TRUE,TRUE,1,inactive,5e9e3032383ecb267a34e7c7,LZ-1,-80.544444,28.485833
5eb87d0fffd86e000604b35d,52,Iridium NEXT Mission 4,TRUE,23/12/2017,5e9e4502f509092b78566f87,VAFB SLC 4E,-120.610829,34.632093,9600,PO,5e9e28a3f3591801cf3b264b,B1036,3,2,TRUE,TRUE,Ocean,FALSE,TRUE,1,lost,,,,
5eb87d10ffd86e000604b35e,53,ZUMA,TRUE,8/01/2018,5e9e4501f509094ba4566f84,CCSFS SLC 40,-80.577366,28.5618571,8000,LEO,5e9e28a4f35918345e3b2652,B1043,4,1,TRUE,TRUE,RTLS,TRUE,FALSE,1,expended,5e9e3032383ecb267a34e7c7,LZ-1,-80.544444,28.485833
5eb87d11ffd86e000604b35f,54,SES-16 / GovSat-1,TRUE,1/02/2018,5e9e4501f509094ba4566f84,CCSFS SLC 40,-80.577366,28.5618571,4230,GTO,5e9e28a3f3591811f83b2648,B1032,3,2,TRUE,TRUE,Ocean,TRUE,TRUE,1,lost,,,,
5eb87d14ffd86e000604b361,56,Paz / Starlink Demo,TRUE,23/02/2018,5e9e4502f509092b78566f87,VAFB SLC 4E,-120.610829,34.632093,2150,SSO,5e9e28a4f359182d843b264e,B1038,3,2,FALSE,,,FALSE,TRUE,1,expended,,,,
5eb87d15ffd86e000604b362,57,Hispasat 30W-6,TRUE,6/03/2018,5e9e4501f509094ba4566f84,CCSFS SLC 40,-80.577366,28.5618571,6092,GTO,5e9e28a5f359186cb73b2654,B1044,4,1,FALSE,,,TRUE,FALSE,0,expended,,,,
5eb87d16ffd86e000604b363,58,Iridium NEXT Mission 5,TRUE,31/03/2018,5e9e4502f509092b78566f87,VAFB SLC 4E,-120.610829,34.632093,9600,PO,5e9e28a4f3591843103b2650,B1041,4,2,FALSE,,,TRUE,TRUE,1,expended,,,,
5eb87d16ffd86e000604b364,59,CRS-14,TRUE,3/04/2018,5e9e4501f509094ba4566f84,CCSFS SLC 40,-80.577366,28.5618571,2760,ISS,5e9e28a4f3591884ee3b264d,B1039,4,2,FALSE,,,TRUE,TRUE,1,expended,,,,
5eb87d18ffd86e000604b365,60,TESS,TRUE,19/04/2018,5e9e4501f509094ba4566f84,CCSFS SLC 40,-80.577366,28.5618571,350,HEO,5e9e28a5f35918863d3b2655,B1045,4,1,TRUE,TRUE,ASDS,TRUE,FALSE,1,expended,5e9e3032383ecb6bb234e7ca,OCISLY,-118.262015,33.7291858
5eb87d19ffd86e000604b366,61,Bangabandhu-1,TRUE,12/05/2018,5e9e4502f509094188566f88,KSC LC 39A,-80.6039558,28.6080585,3750,GTO,5e9e28a5f359182b023b2656,B1046,5,1,TRUE,TRUE,ASDS,TRUE,FALSE,3,expended,5e9e3032383ecb6bb234e7ca,OCISLY,-118.262015,33.7291858
5eb87d1affd86e000604b367,62,Iridium NEXT Mission 6,TRUE,23/05/2018,5e9e4502f509092b78566f87,VAFB SLC 4E,-120.610829,34.632093,5460,PO,5e9e28a4f35918345e3b2652,B1043,4,2,FALSE,,,FALSE,TRUE,1,expended,,,,
5eb87d1bffd86e000604b368,63,SES-12,TRUE,4/06/2018,5e9e4501f509094ba4566f84,CCSFS SLC 40,-80.577366,28.5618571,5383.85,GTO,5e9e28a4f3591845123b264f,B1040,4,2,FALSE,,,FALSE,TRUE,1,expended,,,,
5eb87d1cffd86e000604b369,64,CRS-15,TRUE,29/06/2018,5e9e4501f509094ba4566f84,CCSFS SLC 40,-80.577366,28.5618571,2410,ISS,5e9e28a5f35918863d3b2655,B1045,4,2,FALSE,,,FALSE,TRUE,1,expended,,,,
5eb87d1effd86e000604b36a,65,Telstar 19V,TRUE,22/07/2018,5e9e4501f509094ba4566f84,CCSFS SLC 40,-80.577366,28.5618571,7076,GTO,5e9e28a5f359181eed3b2657,B1047,5,1,TRUE,TRUE,ASDS,TRUE,FALSE,2,expended,5e9e3032383ecb6bb234e7ca,OCISLY,-118.262015,33.7291858
5eb87d1fffd86e000604b36b,66,Iridium NEXT Mission 7,TRUE,25/07/2018,5e9e4502f509092b78566f87,VAFB SLC 4E,-120.610829,34.632093,9600,PO,5e9e28a5f3591809c03b2658,B1048,5,1,TRUE,TRUE,ASDS,TRUE,FALSE,4,lost,5e9e3033383ecbb9e534e7cc,JRTI,-80.6188,28.4104
5eb87d20ffd86e000604b36c,67,Merah Putih,TRUE,7/08/2018,5e9e4501f509094ba4566f84,CCSFS SLC 40,-80.577366,28.5618571,5800,GTO,5e9e28a5f359182b023b2656,B1046,5,2,TRUE,TRUE,ASDS,TRUE,TRUE,3,expended,5e9e3032383ecb6bb234e7ca,OCISLY,-118.262015,33.7291858
5eb87d22ffd86e000604b36d,68,Telstar 18V,TRUE,10/09/2018,5e9e4501f509094ba4566f84,CCSFS SLC 40,-80.577366,28.5618571,7060,GTO,5e9e28a5f3591833b13b2659,B1049,5,1,TRUE,TRUE,ASDS,TRUE,FALSE,9,expended,5e9e3032383ecb6bb234e7ca,OCISLY,-118.262015,33.7291858
5eb87d23ffd86e000604b36e,69,SAOCOM 1A,TRUE,8/10/2018,5e9e4502f509092b78566f87,VAFB SLC 4E,-120.610829,34.632093,2800,SSO,5e9e28a5f3591809c03b2658,B1048,5,2,TRUE,TRUE,RTLS,TRUE,TRUE,4,lost,5e9e3032383ecb554034e7c9,LZ-4,-120.615167,34.632989
5eb87d24ffd86e000604b36f,70,Es’hail 2,TRUE,16/11/2018,5e9e4502f509094188566f88,KSC LC 39A,-80.6039558,28.6080585,3000,GTO,5e9e28a5f359181eed3b2657,B1047,5,2,TRUE,TRUE,ASDS,TRUE,TRUE,2,expended,5e9e3032383ecb6bb234e7ca,OCISLY,-118.262015,33.7291858
5eb87d25ffd86e000604b370,71,SSO-A,TRUE,4/12/2018,5e9e4502f509092b78566f87,VAFB SLC 4E,-120.610829,34.632093,4000,SSO,5e9e28a5f359182b023b2656,B1046,5,3,TRUE,TRUE,ASDS,TRUE,TRUE,3,expended,5e9e3033383ecbb9e534e7cc,JRTI,-80.6188,28.4104
5eb87d26ffd86e000604b371,72,CRS-16,TRUE,6/12/2018,5e9e4501f509094ba4566f84,CCSFS SLC 40,-80.577366,28.5618571,2573,ISS,5e9e28a6f359185c603b265a,B1050,5,1,TRUE,FALSE,RTLS,TRUE,FALSE,0,inactive,5e9e3032383ecb267a34e7c7,LZ-1,-80.544444,28.485833
5eb87d27ffd86e000604b372,73,GPS III SV01,TRUE,23/12/2018,5e9e4501f509094ba4566f84,CCSFS SLC 40,-80.577366,28.5618571,4400,MEO,5e9e28a6f35918513b3b265b,B1054,5,1,FALSE,,,FALSE,FALSE,0,expended,,,,
5eb87d28ffd86e000604b373,74,Iridium NEXT Mission 8,TRUE,12/01/2019,5e9e4502f509092b78566f87,VAFB SLC 4E,-120.610829,34.632093,9600,PO,5e9e28a5f3591833b13b2659,B1049,5,2,TRUE,TRUE,ASDS,TRUE,TRUE,9,expended,5e9e3033383ecbb9e534e7cc,JRTI,-80.6188,28.4104
5eb87d2affd86e000604b374,75,Nusantara Satu (PSN-6) / S5 / Beresheet,TRUE,22/02/2019,5e9e4501f509094ba4566f84,CCSFS SLC 40,-80.577366,28.5618571,5645,GTO,5e9e28a5f3591809c03b2658,B1048,5,3,TRUE,TRUE,ASDS,TRUE,TRUE,4,lost,5e9e3032383ecb6bb234e7ca,OCISLY,-118.262015,33.7291858
5eb87d2bffd86e000604b375,76,CCtCap Demo Mission 1,TRUE,2/03/2019,5e9e4502f509094188566f88,KSC LC 39A,-80.6039558,28.6080585,12259,ISS,5e9e28a6f35918c0803b265c,B1051,5,1,TRUE,TRUE,ASDS,TRUE,FALSE,12,expended,5e9e3032383ecb6bb234e7ca,OCISLY,-118.262015,33.7291858
5eb87d2effd86e000604b377,78,CRS-17,TRUE,4/05/2019,5e9e4501f509094ba4566f84,CCSFS SLC 40,-80.577366,28.5618571,2482,ISS,5e9e28a7f3591809313b2660,B1056,5,1,TRUE,TRUE,ASDS,TRUE,FALSE,3,lost,5e9e3032383ecb6bb234e7ca,OCISLY,-118.262015,33.7291858
5eb87d30ffd86e000604b378,79,Starlink v0.9,TRUE,24/05/2019,5e9e4501f509094ba4566f84,CCSFS SLC 40,-80.577366,28.5618571,13200,VLEO,5e9e28a5f3591833b13b2659,B1049,5,3,TRUE,TRUE,ASDS,TRUE,TRUE,9,expended,5e9e3032383ecb6bb234e7ca,OCISLY,-118.262015,33.7291858
5eb87d31ffd86e000604b379,80,RADARSAT Constellation,TRUE,13/06/2019,5e9e4502f509092b78566f87,VAFB SLC 4E,-120.610829,34.632093,1425,SSO,5e9e28a6f35918c0803b265c,B1051,5,2,TRUE,TRUE,RTLS,TRUE,TRUE,12,expended,5e9e3032383ecb554034e7c9,LZ-4,-120.615167,34.632989
5eb87d36ffd86e000604b37b,82,CRS-18,TRUE,26/07/2019,5e9e4501f509094ba4566f84,CCSFS SLC 40,-80.577366,28.5618571,2227.7,ISS,5e9e28a7f3591809313b2660,B1056,5,2,TRUE,TRUE,RTLS,TRUE,TRUE,3,lost,5e9e3032383ecb267a34e7c7,LZ-1,-80.544444,28.485833
5eb87d37ffd86e000604b37c,83,Amos-17,TRUE,7/08/2019,5e9e4501f509094ba4566f84,CCSFS SLC 40,-80.577366,28.5618571,6500,GTO,5e9e28a5f359181eed3b2657,B1047,5,3,FALSE,,,FALSE,TRUE,2,expended,,,,
5eb87d39ffd86e000604b37d,84,Starlink-1,TRUE,12/11/2019,5e9e4501f509094ba4566f84,CCSFS SLC 40,-80.577366,28.5618571,15600,VLEO,5e9e28a5f3591809c03b2658,B1048,5,4,TRUE,TRUE,ASDS,TRUE,TRUE,4,lost,5e9e3032383ecb6bb234e7ca,OCISLY,-118.262015,33.7291858
5eb87d39ffd86e000604b37e,85,CRS-19,TRUE,6/12/2019,5e9e4501f509094ba4566f84,CCSFS SLC 40,-80.577366,28.5618571,5000,ISS,5e9e28a7f359187afd3b2662,B1059,5,1,TRUE,TRUE,ASDS,TRUE,FALSE,5,lost,5e9e3032383ecb6bb234e7ca,OCISLY,-118.262015,33.7291858
5eb87d3bffd86e000604b37f,86,JCSat 18 / Kacific 1,TRUE,17/12/2019,5e9e4501f509094ba4566f84,CCSFS SLC 40,-80.577366,28.5618571,6800,GTO,5e9e28a7f3591809313b2660,B1056,5,3,TRUE,TRUE,ASDS,TRUE,TRUE,3,lost,5e9e3032383ecb6bb234e7ca,OCISLY,-118.262015,33.7291858
5eb87d3cffd86e000604b380,87,Starlink-2,TRUE,7/01/2020,5e9e4501f509094ba4566f84,CCSFS SLC 40,-80.577366,28.5618571,15600,VLEO,5e9e28a5f3591833b13b2659,B1049,5,4,TRUE,TRUE,ASDS,TRUE,TRUE,9,expended,5e9e3032383ecb6bb234e7ca,OCISLY,-118.262015,33.7291858
5eb87d3dffd86e000604b381,88,Crew Dragon In Flight Abort Test,TRUE,20/01/2020,5e9e4502f509094188566f88,KSC LC 39A,-80.6039558,28.6080585,6350,SO,5e9e28a5f359182b023b2656,B1046,5,4,FALSE,,,FALSE,TRUE,3,expended,,,,
5eb87d3fffd86e000604b382,89,Starlink-3,TRUE,30/01/2020,5e9e4501f509094ba4566f84,CCSFS SLC 40,-80.577366,28.5618571,15600,VLEO,5e9e28a6f35918c0803b265c,B1051,5,3,TRUE,TRUE,ASDS,TRUE,TRUE,12,expended,5e9e3032383ecb6bb234e7ca,OCISLY,-118.262015,33.7291858
5eb87d41ffd86e000604b383,90,Starlink-4,TRUE,18/02/2020,5e9e4501f509094ba4566f84,CCSFS SLC 40,-80.577366,28.5618571,15600,VLEO,5e9e28a7f3591809313b2660,B1056,5,4,TRUE,FALSE,ASDS,TRUE,TRUE,3,lost,5e9e3032383ecb6bb234e7ca,OCISLY,-118.262015,33.7291858
5eb87d42ffd86e000604b384,91,CRS-20,TRUE,7/03/2020,5e9e4501f509094ba4566f84,CCSFS SLC 40,-80.577366,28.5618571,1977,ISS,5e9e28a7f359187afd3b2662,B1059,5,2,TRUE,TRUE,RTLS,TRUE,TRUE,5,lost,5e9e3032383ecb267a34e7c7,LZ-1,-80.544444,28.485833
5eb87d43ffd86e000604b385,92,Starlink-5,TRUE,18/03/2020,5e9e4502f509094188566f88,KSC LC 39A,-80.6039558,28.6080585,15600,VLEO,5e9e28a5f3591809c03b2658,B1048,5,5,TRUE,FALSE,ASDS,TRUE,TRUE,4,lost,5e9e3032383ecb6bb234e7ca,OCISLY,-118.262015,33.7291858
5eb87d44ffd86e000604b386,93,Starlink-6,TRUE,23/04/2020,5e9e4502f509094188566f88,KSC LC 39A,-80.6039558,28.6080585,15600,VLEO,5e9e28a6f35918c0803b265c,B1051,5,4,TRUE,TRUE,ASDS,TRUE,TRUE,12,expended,5e9e3032383ecb6bb234e7ca,OCISLY,-118.262015,33.7291858
5eb87d46ffd86e000604b388,94,CCtCap Demo Mission 2,TRUE,31/05/2020,5e9e4502f509094188566f88,KSC LC 39A,-80.6039558,28.6080585,9525,ISS,5e9e28a7f3591817f23b2663,B1058,5,1,TRUE,TRUE,ASDS,TRUE,FALSE,13,active,5e9e3032383ecb6bb234e7ca,OCISLY,-118.262015,33.7291858
5eb87d45ffd86e000604b387,95,Starlink-7,TRUE,4/06/2020,5e9e4501f509094ba4566f84,CCSFS SLC 40,-80.577366,28.5618571,15600,VLEO,5e9e28a5f3591833b13b2659,B1049,5,5,TRUE,TRUE,ASDS,TRUE,TRUE,9,expended,5e9e3033383ecbb9e534e7cc,JRTI,-80.6188,28.4104
5eb87d46ffd86e000604b389,96,Starlink-8 & SkySat 16-18,TRUE,13/06/2020,5e9e4501f509094ba4566f84,CCSFS SLC 40,-80.577366,28.5618571,15600,VLEO,5e9e28a7f359187afd3b2662,B1059,5,3,TRUE,TRUE,ASDS,TRUE,TRUE,5,lost,5e9e3032383ecb6bb234e7ca,OCISLY,-118.262015,33.7291858
5eb87d4affd86e000604b38b,97,GPS III SV03 (Columbus),TRUE,1/07/2020,5e9e4501f509094ba4566f84,CCSFS SLC 40,-80.577366,28.5618571,3880,MEO,5ef670f10059c33cee4a826c,B1060,5,1,TRUE,TRUE,ASDS,TRUE,FALSE,12,active,5e9e3033383ecbb9e534e7cc,JRTI,-80.6188,28.4104
5eb87d50ffd86e000604b394,98,ANASIS-II,TRUE,21/07/2020,5e9e4501f509094ba4566f84,CCSFS SLC 40,-80.577366,28.5618571,5500,GEO,5e9e28a7f3591817f23b2663,B1058,5,2,TRUE,TRUE,ASDS,TRUE,TRUE,13,active,5e9e3033383ecbb9e534e7cc,JRTI,-80.6188,28.4104
5ed9819a1f30554030d45c29,99,Starlink-9 (v1.0) & BlackSky Global 5-6,TRUE,7/08/2020,5e9e4502f509094188566f88,KSC LC 39A,-80.6039558,28.6080585,15712,VLEO,5e9e28a6f35918c0803b265c,B1051,5,5,TRUE,TRUE,ASDS,TRUE,TRUE,12,expended,5e9e3032383ecb6bb234e7ca,OCISLY,-118.262015,33.7291858
5ed981d91f30554030d45c2a,100,Starlink-10 (v1.0) & SkySat 19-21,TRUE,19/08/2020,5e9e4501f509094ba4566f84,CCSFS SLC 40,-80.577366,28.5618571,15600,VLEO,5e9e28a5f3591833b13b2659,B1049,5,6,TRUE,TRUE,ASDS,TRUE,TRUE,9,expended,5e9e3032383ecb6bb234e7ca,OCISLY,-118.262015,33.7291858
5eb87d47ffd86e000604b38a,101,"SAOCOM 1B, GNOMES-1, Tyvak-0172",TRUE,31/08/2020,5e9e4501f509094ba4566f84,CCSFS SLC 40,-80.577366,28.5618571,1600,SSO,5e9e28a7f359187afd3b2662,B1059,5,4,TRUE,TRUE,RTLS,TRUE,TRUE,5,lost,5e9e3032383ecb267a34e7c7,LZ-1,-80.544444,28.485833
5ef6a1e90059c33cee4a828a,102,Starlink-11 (v1.0),TRUE,3/09/2020,5e9e4502f509094188566f88,KSC LC 39A,-80.6039558,28.6080585,15600,VLEO,5ef670f10059c33cee4a826c,B1060,5,2,TRUE,TRUE,ASDS,TRUE,TRUE,12,active,5e9e3032383ecb6bb234e7ca,OCISLY,-118.262015,33.7291858
5ef6a2090059c33cee4a828b,103,Starlink-12 (v1.0),TRUE,6/10/2020,5e9e4502f509094188566f88,KSC LC 39A,-80.6039558,28.6080585,15600,VLEO,5e9e28a7f3591817f23b2663,B1058,5,3,TRUE,TRUE,ASDS,TRUE,TRUE,13,active,5e9e3032383ecb6bb234e7ca,OCISLY,-118.262015,33.7291858
5ef6a2bf0059c33cee4a828c,104,Starlink-13 (v1.0),TRUE,18/10/2020,5e9e4502f509094188566f88,KSC LC 39A,-80.6039558,28.6080585,15600,VLEO,5e9e28a6f35918c0803b265c,B1051,5,6,TRUE,TRUE,ASDS,TRUE,TRUE,12,expended,5e9e3032383ecb6bb234e7ca,OCISLY,-118.262015,33.7291858
5ef6a2e70059c33cee4a8293,105,Starlink-14 (v1.0),TRUE,25/10/2020,5e9e4501f509094ba4566f84,CCSFS SLC 40,-80.577366,28.5618571,15600,VLEO,5ef670f10059c33cee4a826c,B1060,5,3,TRUE,TRUE,ASDS,TRUE,TRUE,12,active,5e9e3033383ecbb9e534e7cc,JRTI,-80.6188,28.4104
5eb87d4cffd86e000604b38d,106,GPS III SV04 (Sacagawea),TRUE,6/11/2020,5e9e4501f509094ba4566f84,CCSFS SLC 40,-80.577366,28.5618571,3681,MEO,5f57c5440622a633027900a0,B1062,5,1,TRUE,TRUE,ASDS,TRUE,FALSE,8,active,5e9e3032383ecb6bb234e7ca,OCISLY,-118.262015,33.7291858
5eb87d4dffd86e000604b38e,107,Crew-1,TRUE,16/11/2020,5e9e4502f509094188566f88,KSC LC 39A,-80.6039558,28.6080585,6950,ISS,5f57c53d0622a6330279009f,B1061,5,1,TRUE,TRUE,ASDS,TRUE,FALSE,9,active,5e9e3033383ecbb9e534e7cc,JRTI,-80.6188,28.4104
5ed983aa1f30554030d45c31,108,Sentinel-6 Michael Freilich,TRUE,22/11/2020,5e9e4502f509092b78566f87,VAFB SLC 4E,-120.610829,34.632093,1440,PO,5f57c54a0622a633027900a1,B1063,5,1,TRUE,TRUE,RTLS,TRUE,FALSE,6,active,5e9e3032383ecb554034e7c9,LZ-4,-120.615167,34.632989
5fb95b3f3a88ae63c954603c,109,Starlink-15 (v1.0),TRUE,25/11/2020,5e9e4501f509094ba4566f84,CCSFS SLC 40,-80.577366,28.5618571,15600,VLEO,5e9e28a5f3591833b13b2659,B1049,5,7,TRUE,TRUE,ASDS,TRUE,TRUE,9,expended,5e9e3032383ecb6bb234e7ca,OCISLY,-118.262015,33.7291858
5eb87d4effd86e000604b391,110,CRS-21,TRUE,7/12/2020,5e9e4502f509094188566f88,KSC LC 39A,-80.6039558,28.6080585,2972,ISS,5e9e28a7f3591817f23b2663,B1058,5,4,TRUE,TRUE,ASDS,TRUE,TRUE,13,active,5e9e3032383ecb6bb234e7ca,OCISLY,-118.262015,33.7291858
5eb87d4bffd86e000604b38c,111,SXM-7,TRUE,14/12/2020,5e9e4501f509094ba4566f84,CCSFS SLC 40,-80.577366,28.5618571,7000,GTO,5e9e28a6f35918c0803b265c,B1051,5,7,TRUE,TRUE,ASDS,TRUE,TRUE,12,expended,5e9e3033383ecbb9e534e7cc,JRTI,-80.6188,28.4104
5f8399fb818d8b59f5740d43,112,NROL-108,TRUE,20/12/2020,5e9e4502f509094188566f88,KSC LC 39A,-80.6039558,28.6080585,8000,LEO,5e9e28a7f359187afd3b2662,B1059,5,5,TRUE,TRUE,RTLS,TRUE,TRUE,5,lost,5e9e3032383ecb267a34e7c7,LZ-1,-80.544444,28.485833
5eb87d4fffd86e000604b393,113,Turksat 5A,TRUE,8/01/2021,5e9e4501f509094ba4566f84,CCSFS SLC 40,-80.577366,28.5618571,3500,GTO,5ef670f10059c33cee4a826c,B1060,5,4,TRUE,TRUE,ASDS,TRUE,TRUE,12,active,5e9e3033383ecbb9e534e7cc,JRTI,-80.6188,28.4104
5fbfecce54ceb10a5664c80a,114,Starlink-16 (v1.0),TRUE,20/01/2021,5e9e4502f509094188566f88,KSC LC 39A,-80.6039558,28.6080585,15600,VLEO,5e9e28a6f35918c0803b265c,B1051,5,8,TRUE,TRUE,ASDS,TRUE,TRUE,12,expended,5e9e3033383ecbb9e534e7cc,JRTI,-80.6188,28.4104
5fd386aa7faea57d297c86c1,115,Transporter-1,TRUE,25/01/2021,5e9e4501f509094ba4566f84,CCSFS SLC 40,-80.577366,28.5618571,9407.5,SSO,5e9e28a7f3591817f23b2663,B1058,5,5,TRUE,TRUE,ASDS,TRUE,TRUE,13,active,5e9e3032383ecb6bb234e7ca,OCISLY,-118.262015,33.7291858
5ff6554f9257f579ee3a6c5f,116,Starlink-18 (v1.0),TRUE,4/02/2021,5e9e4501f509094ba4566f84,CCSFS SLC 40,-80.577366,28.5618571,15600,VLEO,5ef670f10059c33cee4a826c,B1060,5,5,TRUE,TRUE,ASDS,TRUE,TRUE,12,active,5e9e3032383ecb6bb234e7ca,OCISLY,-118.262015,33.7291858
600f9a5e8f798e2a4d5f979c,117,Starlink-19 (v1.0),TRUE,16/02/2021,5e9e4501f509094ba4566f84,CCSFS SLC 40,-80.577366,28.5618571,15600,VLEO,5e9e28a7f359187afd3b2662,B1059,5,6,TRUE,FALSE,ASDS,TRUE,TRUE,5,lost,5e9e3032383ecb6bb234e7ca,OCISLY,-118.262015,33.7291858
5fbfecfe54ceb10a5664c80b,118,Starlink-17 (v1.0),TRUE,4/03/2021,5e9e4502f509094188566f88,KSC LC 39A,-80.6039558,28.6080585,15600,VLEO,5e9e28a5f3591833b13b2659,B1049,5,8,TRUE,TRUE,ASDS,TRUE,TRUE,9,expended,5e9e3032383ecb6bb234e7ca,OCISLY,-118.262015,33.7291858
600f9a718f798e2a4d5f979d,119,Starlink-20 (v1.0),TRUE,11/03/2021,5e9e4501f509094ba4566f84,CCSFS SLC 40,-80.577366,28.5618571,15600,VLEO,5e9e28a7f3591817f23b2663,B1058,5,6,TRUE,TRUE,ASDS,TRUE,TRUE,13,active,5e9e3033383ecbb9e534e7cc,JRTI,-80.6188,28.4104
600f9a8d8f798e2a4d5f979e,120,Starlink-21 (v1.0),TRUE,14/03/2021,5e9e4502f509094188566f88,KSC LC 39A,-80.6039558,28.6080585,15600,VLEO,5e9e28a6f35918c0803b265c,B1051,5,9,TRUE,TRUE,ASDS,TRUE,TRUE,12,expended,5e9e3032383ecb6bb234e7ca,OCISLY,-118.262015,33.7291858
60428aafc041c16716f73cd7,121,Starlink-22 (v1.0),TRUE,24/03/2021,5e9e4501f509094ba4566f84,CCSFS SLC 40,-80.577366,28.5618571,15600,VLEO,5ef670f10059c33cee4a826c,B1060,5,6,TRUE,TRUE,ASDS,TRUE,TRUE,12,active,5e9e3032383ecb6bb234e7ca,OCISLY,-118.262015,33.7291858
60428ac4c041c16716f73cd8,122,Starlink-23 (v1.0),TRUE,8/04/2021,5e9e4501f509094ba4566f84,CCSFS SLC 40,-80.577366,28.5618571,15600,VLEO,5e9e28a7f3591817f23b2663,B1058,5,7,TRUE,TRUE,ASDS,TRUE,TRUE,13,active,5e9e3032383ecb6bb234e7ca,OCISLY,-118.262015,33.7291858
5fe3af58b3467846b324215f,123,Crew-2,TRUE,23/04/2021,5e9e4502f509094188566f88,KSC LC 39A,-80.6039558,28.6080585,6950,ISS,5f57c53d0622a6330279009f,B1061,5,2,TRUE,TRUE,ASDS,TRUE,TRUE,9,active,5e9e3032383ecb6bb234e7ca,OCISLY,-118.262015,33.7291858
605b4b6aaa5433645e37d03f,124,Starlink-24 (v1.0),TRUE,29/04/2021,5e9e4501f509094ba4566f84,CCSFS SLC 40,-80.577366,28.5618571,15600,VLEO,5ef670f10059c33cee4a826c,B1060,5,7,TRUE,TRUE,ASDS,TRUE,TRUE,12,active,5e9e3033383ecbb9e534e7cc,JRTI,-80.6188,28.4104
605b4b7daa5433645e37d040,125,Starlink-25 (v1.0),TRUE,5/05/2021,5e9e4502f509094188566f88,KSC LC 39A,-80.6039558,28.6080585,15600,VLEO,5e9e28a5f3591833b13b2659,B1049,5,9,TRUE,TRUE,ASDS,TRUE,TRUE,9,expended,5e9e3032383ecb6bb234e7ca,OCISLY,-118.262015,33.7291858
6079bd1c9a06446e8c61bf76,126,Starlink-27 (v1.0),TRUE,9/05/2021,5e9e4501f509094ba4566f84,CCSFS SLC 40,-80.577366,28.5618571,15600,VLEO,5e9e28a6f35918c0803b265c,B1051,5,10,TRUE,TRUE,ASDS,TRUE,TRUE,12,expended,5e9e3032383ecb6bb234e7ca,OCISLY,-118.262015,33.7291858
605b4b95aa5433645e37d041,127,Starlink-26 (v1.0) + Capella-6 + Tyvak-0130,TRUE,16/05/2021,5e9e4502f509094188566f88,KSC LC 39A,-80.6039558,28.6080585,15600,VLEO,5e9e28a7f3591817f23b2663,B1058,5,8,TRUE,TRUE,ASDS,TRUE,TRUE,13,active,5e9e3032383ecb6bb234e7ca,OCISLY,-118.262015,33.7291858
6079bd399a06446e8c61bf77,128,Starlink-28 (v1.0),TRUE,27/05/2021,5e9e4501f509094ba4566f84,CCSFS SLC 40,-80.577366,28.5618571,15600,VLEO,5f57c54a0622a633027900a1,B1063,5,2,TRUE,TRUE,ASDS,TRUE,TRUE,6,active,5e9e3033383ecbb9e534e7cc,JRTI,-80.6188,28.4104
5fe3af84b3467846b3242161,129,CRS-22 & IROSA,TRUE,4/06/2021,5e9e4502f509094188566f88,KSC LC 39A,-80.6039558,28.6080585,3328,ISS,60b800111f83cc1e59f16438,B1067,5,1,TRUE,TRUE,ASDS,TRUE,FALSE,5,active,5e9e3032383ecb6bb234e7ca,OCISLY,-118.262015,33.7291858
5fe3af6db3467846b3242160,130,SXM-8,TRUE,6/06/2021,5e9e4501f509094ba4566f84,CCSFS SLC 40,-80.577366,28.5618571,7000,GTO,5f57c53d0622a6330279009f,B1061,5,3,TRUE,TRUE,ASDS,TRUE,TRUE,9,active,5e9e3033383ecbb9e534e7cc,JRTI,-80.6188,28.4104
5eb87d4effd86e000604b390,131,GPS III SV05,TRUE,18/06/2021,5e9e4501f509094ba4566f84,CCSFS SLC 40,-80.577366,28.5618571,3681,MEO,5f57c5440622a633027900a0,B1062,5,2,TRUE,TRUE,ASDS,TRUE,TRUE,8,active,5e9e3033383ecbb9e534e7cc,JRTI,-80.6188,28.4104
600f9b6d8f798e2a4d5f979f,132,Transporter-2,TRUE,1/07/2021,5e9e4501f509094ba4566f84,CCSFS SLC 40,-80.577366,28.5618571,9407.5,SSO,5ef670f10059c33cee4a826c,B1060,5,8,TRUE,TRUE,RTLS,TRUE,TRUE,12,active,5e9e3032383ecb267a34e7c7,LZ-1,-80.544444,28.485833
5fe3b11eb3467846b324216c,133,CRS-23,TRUE,29/08/2021,5e9e4502f509094188566f88,KSC LC 39A,-80.6039558,28.6080585,2207,ISS,5f57c53d0622a6330279009f,B1061,5,4,TRUE,TRUE,ASDS,TRUE,TRUE,9,active,5e9e3033383ecb075134e7cd,ASOG,-118.262015,33.7291858
60e3bf0d73359e1e20335c37,134,Starlink 2-1 (v1.5),TRUE,14/09/2021,5e9e4502f509092b78566f87,VAFB SLC 4E,-120.610829,34.632093,15600,PO,5e9e28a5f3591833b13b2659,B1049,5,10,TRUE,TRUE,ASDS,TRUE,TRUE,9,expended,5e9e3032383ecb6bb234e7ca,OCISLY,-118.262015,33.7291858
607a37565a906a44023e0866,135,Inspiration4,TRUE,16/09/2021,5e9e4502f509094188566f88,KSC LC 39A,-80.6039558,28.6080585,12519,LEO,5f57c5440622a633027900a0,B1062,5,3,TRUE,TRUE,ASDS,TRUE,TRUE,8,active,5e9e3033383ecbb9e534e7cc,JRTI,-80.6188,28.4104
5fe3b15eb3467846b324216d,136,Crew-3,TRUE,11/11/2021,5e9e4502f509094188566f88,KSC LC 39A,-80.6039558,28.6080585,12519,ISS,60b800111f83cc1e59f16438,B1067,5,2,TRUE,TRUE,ASDS,TRUE,TRUE,5,active,5e9e3033383ecb075134e7cd,ASOG,-118.262015,33.7291858
618faad2563d69573ed8ca9d,137,Starlink 4-1 (v1.5),TRUE,13/11/2021,5e9e4501f509094ba4566f84,CCSFS SLC 40,-80.577366,28.5618571,13260,LEO,5e9e28a7f3591817f23b2663,B1058,5,9,TRUE,TRUE,ASDS,TRUE,TRUE,13,active,5e9e3033383ecbb9e534e7cc,JRTI,-80.6188,28.4104
5fe3b107b3467846b324216b,138,DART,TRUE,24/11/2021,5e9e4502f509092b78566f87,VAFB SLC 4E,-120.610829,34.632093,670,TLI,5f57c54a0622a633027900a1,B1063,5,2,TRUE,TRUE,ASDS,TRUE,TRUE,6,active,5e9e3032383ecb6bb234e7ca,OCISLY,-118.262015,33.7291858
6161c94c6db1a92bfba85349,139,Starlink 4-3 (v1.5),TRUE,2/12/2021,5e9e4501f509094ba4566f84,CCSFS SLC 40,-80.577366,28.5618571,13260,PO,5ef670f10059c33cee4a826c,B1060,5,9,TRUE,TRUE,ASDS,TRUE,TRUE,12,active,5e9e3033383ecb075134e7cd,ASOG,-118.262015,33.7291858
6161c88d6db1a92bfba85348,140,IXPE,TRUE,9/12/2021,5e9e4502f509094188566f88,KSC LC 39A,-80.6039558,28.6080585,330,LEO,5f57c53d0622a6330279009f,B1061,5,5,TRUE,TRUE,ASDS,TRUE,TRUE,9,active,5e9e3033383ecbb9e534e7cc,JRTI,-80.6188,28.4104
61bba806437241381bf7061e,141,Starlink 4-4 (v1.5),TRUE,18/12/2021,5e9e4502f509092b78566f87,VAFB SLC 4E,-120.610829,34.632093,13260,PO,5e9e28a6f35918c0803b265c,B1051,5,11,TRUE,TRUE,ASDS,TRUE,TRUE,12,expended,5e9e3032383ecb6bb234e7ca,OCISLY,-118.262015,33.7291858
5fe3afc1b3467846b3242164,142,Türksat 5B,TRUE,19/12/2021,5e9e4501f509094ba4566f84,CCSFS SLC 40,-80.577366,28.5618571,3500,GTO,60b800111f83cc1e59f16438,B1067,5,3,TRUE,TRUE,ASDS,TRUE,TRUE,5,active,5e9e3033383ecb075134e7cd,ASOG,-118.262015,33.7291858
6161d2006db1a92bfba85356,143,CRS-24,TRUE,21/12/2021,5e9e4502f509094188566f88,KSC LC 39A,-80.6039558,28.6080585,2989,ISS,61c1ef45a4a2462678cbf45d,B1069,5,1,TRUE,TRUE,ASDS,TRUE,FALSE,1,active,5e9e3033383ecbb9e534e7cc,JRTI,-80.6188,28.4104
61d5eca1f88e4c5fc91f1eb7,144,Starlink 4-5 (v1.5),TRUE,7/01/2022,5e9e4502f509094188566f88,KSC LC 39A,-80.6039558,28.6080585,13260,VLEO,5f57c5440622a633027900a0,B1062,5,4,TRUE,TRUE,ASDS,TRUE,TRUE,8,active,5e9e3033383ecb075134e7cd,ASOG,-118.262015,33.7291858
61bf3e31cd5ab50b0d936345,145,Transporter-3,TRUE,14/01/2022,5e9e4501f509094ba4566f84,CCSFS SLC 40,-80.577366,28.5618571,5000,LEO,5e9e28a7f3591817f23b2663,B1058,5,10,TRUE,TRUE,RTLS,TRUE,TRUE,13,active,5e9e3032383ecb267a34e7c7,LZ-1,-80.544444,28.485833
61e048bbbe8d8b66799018d0,146,Starlink 4-6 (v1.5),TRUE,19/01/2022,5e9e4502f509094188566f88,KSC LC 39A,-80.6039558,28.6080585,13260,VLEO,5ef670f10059c33cee4a826c,B1060,5,10,TRUE,TRUE,ASDS,TRUE,TRUE,12,active,5e9e3033383ecb075134e7cd,ASOG,-118.262015,33.7291858
6161d32d6db1a92bfba85359,147,CSG-2,TRUE,1/02/2022,5e9e4501f509094ba4566f84,CCSFS SLC 40,-80.577366,28.5618571,2240,SSO,5e9e28a6f359183c413b265d,B1052,5,3,TRUE,TRUE,RTLS,TRUE,TRUE,6,active,5e9e3032383ecb267a34e7c7,LZ-1,-80.544444,28.485833
607a34e35a906a44023e085e,148,NROL-87,TRUE,3/02/2022,5e9e4502f509092b78566f87,VAFB SLC 4E,-120.610829,34.632093,8000,LEO,61fae5947aa67176fe3e0e1e,B1071,5,1,TRUE,TRUE,RTLS,TRUE,FALSE,3,active,5e9e3032383ecb554034e7c9,LZ-4,-120.615167,34.632989
61e048ffbe8d8b66799018d1,149,Starlink 4-7 (v1.5),TRUE,4/02/2022,5e9e4502f509094188566f88,KSC LC 39A,-80.6039558,28.6080585,13260,VLEO,5f57c53d0622a6330279009f,B1061,5,6,TRUE,TRUE,ASDS,TRUE,TRUE,9,active,5e9e3033383ecb075134e7cd,ASOG,-118.262015,33.7291858
61fc01dae0dc5662b76489a7,150,Starlink 4-8 (v1.5),TRUE,22/02/2022,5e9e4501f509094ba4566f84,CCSFS SLC 40,-80.577366,28.5618571,13260,VLEO,5e9e28a7f3591817f23b2663,B1058,5,11,TRUE,TRUE,ASDS,TRUE,TRUE,13,active,5e9e3033383ecb075134e7cd,ASOG,-118.262015,33.7291858
61fc0203e0dc5662b76489a8,151,Starlink 4-11 (v1.5),TRUE,26/02/2022,5e9e4502f509092b78566f87,VAFB SLC 4E,-120.610829,34.632093,13260,VLEO,5f57c54a0622a633027900a1,B1063,5,4,TRUE,TRUE,ASDS,TRUE,TRUE,6,active,5e9e3032383ecb6bb234e7ca,OCISLY,-118.262015,33.7291858
61fc0224e0dc5662b76489ab,152,Starlink 4-9 (v1.5),TRUE,4/03/2022,5e9e4502f509094188566f88,KSC LC 39A,-80.6039558,28.6080585,13260,VLEO,5ef670f10059c33cee4a826c,B1060,5,11,TRUE,TRUE,ASDS,TRUE,TRUE,12,active,5e9e3033383ecbb9e534e7cc,JRTI,-80.6188,28.4104
61fc0243e0dc5662b76489ae,153,Starlink 4-10 (v1.5),TRUE,9/03/2022,5e9e4501f509094ba4566f84,CCSFS SLC 40,-80.577366,28.5618571,13260,VLEO,5e9e28a6f359183c413b265d,B1052,5,4,TRUE,TRUE,ASDS,TRUE,TRUE,6,active,5e9e3033383ecb075134e7cd,ASOG,-118.262015,33.7291858
6234908cf051102e1fcedac4,154,Starlink 4-12 (v1.5),TRUE,19/03/2022,5e9e4501f509094ba4566f84,CCSFS SLC 40,-80.577366,28.5618571,13260,VLEO,5e9e28a6f35918c0803b265c,B1051,5,12,TRUE,TRUE,ASDS,TRUE,TRUE,12,expended,5e9e3033383ecbb9e534e7cc,JRTI,-80.6188,28.4104
6243ad8baf52800c6e919252,155,Transporter-4,TRUE,2/04/2022,5e9e4501f509094ba4566f84,CCSFS SLC 40,-80.577366,28.5618571,5000,SSO,5f57c53d0622a6330279009f,B1061,5,7,TRUE,TRUE,ASDS,TRUE,TRUE,9,active,5e9e3033383ecbb9e534e7cc,JRTI,-80.6188,28.4104
61eefaa89eb1064137a1bd73,156,Ax-1,TRUE,9/04/2022,5e9e4502f509094188566f88,KSC LC 39A,-80.6039558,28.6080585,12519,ISS,5f57c5440622a633027900a0,B1062,5,5,TRUE,TRUE,ASDS,TRUE,TRUE,8,active,5e9e3033383ecb075134e7cd,ASOG,-118.262015,33.7291858
6243adcaaf52800c6e919254,157,NROL-85,TRUE,17/04/2022,5e9e4502f509092b78566f87,VAFB SLC 4E,-120.610829,34.632093,8000,LEO,61fae5947aa67176fe3e0e1e,B1071,5,2,TRUE,TRUE,RTLS,TRUE,TRUE,3,active,5e9e3032383ecb554034e7c9,LZ-4,-120.615167,34.632989
6243ada6af52800c6e919253,158,Starlink 4-14 (v1.5),TRUE,22/04/2022,5e9e4501f509094ba4566f84,CCSFS SLC 40,-80.577366,28.5618571,13260,VLEO,5ef670f10059c33cee4a826c,B1060,5,12,TRUE,TRUE,ASDS,TRUE,TRUE,12,active,5e9e3033383ecbb9e534e7cc,JRTI,-80.6188,28.4104
6243ade2af52800c6e919255,159,Crew-4,TRUE,27/04/2022,5e9e4502f509094188566f88,KSC LC 39A,-80.6039558,28.6080585,6850,ISS,60b800111f83cc1e59f16438,B1067,5,4,TRUE,TRUE,ASDS,TRUE,TRUE,5,active,5e9e3033383ecb075134e7cd,ASOG,-118.262015,33.7291858
62582a6f5988f159024b964b,160,Starlink 4-16 (v1.5),TRUE,30/04/2022,5e9e4501f509094ba4566f84,CCSFS SLC 40,-80.577366,28.5618571,13260,VLEO,5f57c5440622a633027900a0,B1062,5,6,TRUE,TRUE,ASDS,TRUE,TRUE,8,active,5e9e3033383ecbb9e534e7cc,JRTI,-80.6188,28.4104
62582a855988f159024b964c,161,Starlink 4-17 (v1.5),TRUE,6/05/2022,5e9e4502f509094188566f88,KSC LC 39A,-80.6039558,28.6080585,13260,VLEO,5e9e28a7f3591817f23b2663,B1058,5,12,TRUE,TRUE,ASDS,TRUE,TRUE,13,active,5e9e3033383ecb075134e7cd,ASOG,-118.262015,33.7291858
6258290d5988f159024b9644,162,Starlink 4-13 (v1.5),TRUE,14/05/2022,5e9e4502f509092b78566f87,VAFB SLC 4E,-120.610829,34.632093,13260,VLEO,5f57c54a0622a633027900a1,B1063,5,5,TRUE,TRUE,ASDS,TRUE,TRUE,6,active,5e9e3032383ecb6bb234e7ca,OCISLY,-118.262015,33.7291858
625828f25988f159024b9643,163,Starlink 4-15 (v1.5),TRUE,15/05/2022,5e9e4501f509094ba4566f84,CCSFS SLC 40,-80.577366,28.5618571,13260,VLEO,627843db57b51b752c5c5a54,B1073,5,1,TRUE,TRUE,ASDS,TRUE,FALSE,2,active,5e9e3033383ecbb9e534e7cc,JRTI,-80.6188,28.4104
62615ebc0ec008379be596fa,164,Starlink 4-18 (v1.5),TRUE,18/05/2022,5e9e4502f509094188566f88,KSC LC 39A,-80.6039558,28.6080585,13260,VLEO,5e9e28a6f359183c413b265d,B1052,5,5,TRUE,TRUE,ASDS,TRUE,TRUE,6,active,5e9e3033383ecb075134e7cd,ASOG,-118.262015,33.7291858
6243ae24af52800c6e919258,165,Transporter-5,TRUE,26/05/2022,5e9e4501f509094ba4566f84,CCSFS SLC 40,-80.577366,28.5618571,5000,SSO,5f57c53d0622a6330279009f,B1061,5,8,TRUE,TRUE,RTLS,TRUE,TRUE,9,active,5e9e3032383ecb267a34e7c7,LZ-1,-80.544444,28.485833
6243ae0aaf52800c6e919257,166,Nilesat-301,TRUE,9/06/2022,5e9e4501f509094ba4566f84,CCSFS SLC 40,-80.577366,28.5618571,3938,GEO,5f57c5440622a633027900a0,B1062,5,7,TRUE,TRUE,ASDS,TRUE,TRUE,8,active,5e9e3033383ecbb9e534e7cc,JRTI,-80.6188,28.4104
6278481757b51b752c5c5a5f,167,Starlink 4-19 (v1.5),TRUE,2/06/2022,5e9e4502f509094188566f88,KSC LC 39A,-80.6039558,28.6080585,13260,VLEO,5ef670f10059c33cee4a826c,B1060,5,13,TRUE,TRUE,ASDS,TRUE,TRUE,12,active,5e9e3033383ecb075134e7cd,ASOG,-118.262015,33.7291858
5fe3af43b3467846b324215e,168,SARah 1,TRUE,19/06/2022,5e9e4502f509092b78566f87,VAFB SLC 4E,-120.610829,34.632093,2200,SSO,61fae5947aa67176fe3e0e1e,B1071,5,3,TRUE,TRUE,RTLS,TRUE,TRUE,3,active,5e9e3032383ecb554034e7c9,LZ-4,-120.615167,34.632989
62a9f08b20413d2695d88711,169,Globalstar FM15,TRUE,19/06/2022,5e9e4501f509094ba4566f84,CCSFS SLC 40,-80.577366,28.5618571,700,LEO,5f57c53d0622a6330279009f,B1061,5,9,TRUE,TRUE,ASDS,TRUE,TRUE,9,active,5e9e3033383ecbb9e534e7cc,JRTI,-80.6188,28.4104
6243aea5af52800c6e91925c,170,SES-22,TRUE,30/06/2022,5e9e4501f509094ba4566f84,CCSFS SLC 40,-80.577366,28.5618571,3500,MEO,627843db57b51b752c5c5a54,B1073,5,2,TRUE,TRUE,ASDS,TRUE,TRUE,2,active,5e9e3033383ecb075134e7cd,ASOG,-118.262015,33.7291858
62a9f0c920413d2695d88712,171,Starlink 4-21 (v1.5),TRUE,7/07/2022,5e9e4501f509094ba4566f84,CCSFS SLC 40,-80.577366,28.5618571,13260,VLEO,5e9e28a7f3591817f23b2663,B1058,5,13,TRUE,TRUE,ASDS,TRUE,TRUE,13,active,5e9e3033383ecbb9e534e7cc,JRTI,-80.6188,28.4104
62a9f0e320413d2695d88713,172,Starlink 3-1 (v1.5),TRUE,11/07/2022,5e9e4502f509092b78566f87,VAFB SLC 4E,-120.610829,34.632093,13260,VLEO,5f57c54a0622a633027900a1,B1063,5,6,TRUE,TRUE,ASDS,TRUE,TRUE,6,active,5e9e3032383ecb6bb234e7ca,OCISLY,-118.262015,33.7291858
6243ae40af52800c6e919259,173,CRS-25,TRUE,15/07/2022,5e9e4502f509094188566f88,KSC LC 39A,-80.6039558,28.6080585,2600,ISS,60b800111f83cc1e59f16438,B1067,5,5,TRUE,TRUE,ASDS,TRUE,TRUE,5,active,5e9e3033383ecb075134e7cd,ASOG,-118.262015,33.7291858
62a9f0f820413d2695d88714,174,Starlink 4-22 (v1.5),TRUE,18/07/2022,5e9e4501f509094ba4566f84,CCSFS SLC 40,-80.577366,28.5618571,13260,VLEO,5e9e28a6f35918c0803b265c,B1051,5,13,TRUE,TRUE,ASDS,TRUE,TRUE,12,expended,5e9e3033383ecbb9e534e7cc,JRTI,-80.6188,28.4104
62a9f10b20413d2695d88715,175,Starlink 3-2 (v1.5),TRUE,22/07/2022,5e9e4502f509092b78566f87,VAFB SLC 4E,-120.610829,34.632093,13260,VLEO,61fae5947aa67176fe3e0e1e,B1071,5,4,TRUE,TRUE,ASDS,TRUE,TRUE,3,active,5e9e3032383ecb6bb234e7ca,OCISLY,-118.262015,33.7291858
62a9f12820413d2695d88716,176,Starlink 4-25 (v1.5),TRUE,24/07/2022,5e9e4501f509094ba4566f84,CCSFS SLC 40,-80.577366,28.5618571,13260,VLEO,5f57c5440622a633027900a0,B1062,5,8,TRUE,TRUE,ASDS,TRUE,TRUE,8,active,5e9e3033383ecb075134e7cd,ASOG,-118.262015,33.7291858
62a9f86420413d2695d88719,177,KPLO,TRUE,5/08/2022,5e9e4501f509094ba4566f84,CCSFS SLC 40,-80.577366,28.5618571,678,TLI,5e9e28a6f359183c413b265d,B1052,5,6,TRUE,TRUE,ASDS,TRUE,TRUE,6,active,5e9e3033383ecbb9e534e7cc,JRTI,-80.6188,28.4104
62a9f8b320413d2695d8871b,178,Starlink 4-26 (v1.5),TRUE,10/08/2022,5e9e4502f509094188566f88,KSC LC 39A,-80.6039558,28.6080585,13260,VLEO,627843db57b51b752c5c5a54,B1073,5,3,TRUE,TRUE,ASDS,TRUE,TRUE,2,active,5e9e3033383ecb075134e7cd,ASOG,-118.262015,33.7291858
62f3b4ff0f55c50e192a4e6b,179,Starlink 3-3 (v1.5),TRUE,13/08/2022,5e9e4502f509092b78566f87,VAFB SLC 4E,-120.610829,34.632093,13260,VLEO,5f57c53d0622a6330279009f,B1061,5,10,TRUE,TRUE,ASDS,TRUE,TRUE,9,active,5e9e3032383ecb6bb234e7ca,OCISLY,-118.262015,33.7291858
62f3b5200f55c50e192a4e6c,180,Starlink 4-27 (v1.5),TRUE,20/08/2022,5e9e4501f509094ba4566f84,CCSFS SLC 40,-80.577366,28.5618571,13260,VLEO,5f57c5440622a633027900a0,B1062,5,9,TRUE,TRUE,ASDS,TRUE,TRUE,8,active,5e9e3033383ecb075134e7cd,ASOG,-118.262015,33.7291858
62f3b5290f55c50e192a4e6d,181,Starlink 4-23 (v1.5),TRUE,28/08/2022,5e9e4502f509094188566f88,KSC LC 39A,-80.6039558,28.6080585,13260,VLEO,61c1ef45a4a2462678cbf45d,B1069,5,2,TRUE,TRUE,ASDS,TRUE,TRUE,1,active,5e9e3033383ecb075134e7cd,ASOG,-118.262015,33.7291858
62f3b53a0f55c50e192a4e6f,182,Starlink 3-4 (v1.5),TRUE,31/08/2022,5e9e4502f509092b78566f87,VAFB SLC 4E,-120.610829,34.632093,13260,VLEO,5f57c54a0622a633027900a1,B1063,5,7,TRUE,TRUE,ASDS,TRUE,TRUE,6,active,5e9e3032383ecb6bb234e7ca,OCISLY,-118.262015,33.7291858
62f3b5330f55c50e192a4e6e,183,Starlink 4-20 (v1.5) & Sherpa LTC-2/Varuna-TDM,TRUE,5/09/2022,5e9e4501f509094ba4566f84,CCSFS SLC 40,-80.577366,28.5618571,13440,VLEO,5e9e28a6f359183c413b265d,B1052,5,7,TRUE,TRUE,ASDS,TRUE,TRUE,6,active,5e9e3033383ecbb9e534e7cc,JRTI,-80.6188,28.4104
62a9f89a20413d2695d8871a,184,Starlink 4-2 (v1.5) & Blue Walker 3,TRUE,11/09/2022,5e9e4502f509094188566f88,KSC LC 39A,-80.6039558,28.6080585,14760,VLEO,5e9e28a7f3591817f23b2663,B1058,5,14,TRUE,TRUE,ASDS,TRUE,TRUE,13,active,5e9e3033383ecb075134e7cd,ASOG,-118.262015,33.7291858
63161329ffc78f3b8567070b,185,Starlink 4-34 (v1.5),TRUE,17/09/2022,5e9e4501f509094ba4566f84,CCSFS SLC 40,-80.577366,28.5618571,13260,VLEO,60b800111f83cc1e59f16438,B1067,5,6,TRUE,TRUE,ASDS,TRUE,TRUE,5,active,5e9e3033383ecbb9e534e7cc,JRTI,-80.6188,28.4104
63161339ffc78f3b8567070c,186,Starlink 4-35 (v1.5),TRUE,25/09/2022,5e9e4501f509094ba4566f84,CCSFS SLC 40,-80.577366,28.5618571,13260,VLEO,627843d657b51b752c5c5a53,B1072,5,4,TRUE,TRUE,ASDS,TRUE,TRUE,0,active,5e9e3033383ecbb9e534e7cc,JRTI,-80.6188,28.4104
62dd70d5202306255024d139,187,Crew-5,TRUE,6/10/2022,5e9e4502f509094188566f88,KSC LC 39A,-80.6039558,28.6080585,6850,ISS,633d9da635a71d1d9c66797b,B1077,5,1,TRUE,TRUE,ASDS,TRUE,FALSE,0,active,5e9e3033383ecbb9e534e7cc,JRTI,-80.6188,28.4104
